"Mastery","Category","Branches"
"無手","武器","Passive:軽身/即応/携行強化/自在換装/無装の極意/軽妙自在 | Reaction:体捌き | Move:踏み込み/緊急離脱 | Stance:無装の構え"
"格闘","武器","Attack:連拳/震脚/崩拳/回し蹴り/百裂 | Reaction:迎撃拳/受身返し | Move:投げ | Stance:連武 | Passive:無間連武"
"短剣","武器","Attack:速刺/毒刃/盲目刃/苦悶突き/暗殺 | Attack/Move:離脱斬り | Reaction:逆手受け | Move:影渡り | Passive:急所観察/死角の極意"
"剣","武器","Attack:斬撃/横薙ぎ/穿甲突き/導剣/連環剣/剣閃 | Reaction:受流し/反撃剣 | Guard:守剣 | Passive:剣理"
"槌","武器","Attack:重打/震撃/破甲震/鎮圧打/大槌砕き/粉砕/地響き/天崩 | Reaction:守護打 | Passive:破城の極意"
"斧","武器","Attack:断ち割り/鎧砕き/恐撃/手斧投げ/捨身斬/大斧薙ぎ/処刑斧/断頭 | Passive:血路/狂戦の極意"
"槍","武器","Attack:貫き/足留め/払い槍/貫通槍/穿列/神速穿ち | Reaction:迎撃槍 | Support:陣槍 | Attack/Move:長槍突進 | Passive:槍陣の極意"
"鞭","武器","Attack:払い鞭/薙撃 | Debuff:絡め取り/縛鎖/大捕縛 | Move:牽引/引き倒し | Reaction:捕縛反撃 | Passive:操鞭/支配の鞭"
"鎌","武器","Attack:刈撃/魂刈り/血刈/魔刈/冥鎌/葬列/魂断 | Attack/Move:鉤引き | Stance:死線 | Passive:死神の極意"
"刀","武器","Attack:袈裟斬り/抜刀/居合/霞斬り/大太刀薙ぎ/一閃 | Reaction:見切り | Stance:残心 | Passive:心眼/無心"
"弓","武器","Attack:速射（弓）/狙撃/封腕矢/封脚矢/曲射/盲目矢/一斉射/穿天 | Passive:鷹の目/狩人の極意"
"銃","武器","Attack:速射（銃）/精密射撃/散弾/貫通弾/徹甲弾/零距離射撃 | Debuff:制圧射撃 | Stance:照準安定 | Reaction:牽制射撃 | Passive:射線支配"
"杖","武器","Attack:杖打/魔導撃 | Passive:魔力循環/術式保持/触媒増幅/賢杖の極意 | Stance:詠唱集中/大詠唱 | Support:短縮詠唱 | Guard:長杖結界"
"盾","武器","Guard:防御/庇う/大盾防壁/絶対防衛 | Attack:盾撃 | Debuff:挑発 | Reaction:受け止め/反撃盾 | Passive:不屈/守護者の極意"
"投擲","武器","Attack:飛刃/飛針/毒針/爆弾/回刃/一斉投擲 | Debuff:閃光弾 | Support:煙玉 | Setup:仕掛爆弾 | Passive:投具の極意"
"魔装","防具","Passive:霊衣/集中/循環/付与集中/魔力還流/術式耐性/気力回復/術法連携/高速集中/大循環/魔装極意 | Guard:法衣/霊衣展開"
"軽装","防具","Passive:軽業/急襲/反撃補助/回避歩法/連続機動/軽装極意 | Reaction:受流/幻歩 | Move:機動/離脱 | Attack:側面急襲"
"重装","防具","Passive:堅牢/不動/重装/前線固定/耐衝撃/庇護/重圧（重装）/重装極意 | Guard:鉄壁/城壁/要塞"
"森羅","源泉","翠風:翠風/森羅万象/疾風/翼の護り/鳥瞰 | 樹花:樹花/蔦絡み/大樹守/毒花/薬草採集 | 生命:生命/花癒/息吹/活力分配/命の種 | 霊獣:霊獣/獣駆/森羅極意/守護獣/狩りの勘"
"灼陽","源泉","灼熱:灼熱/陽炎/乾熱/日輪/炎柱 | 神陽:神陽/黄金律/灼陽極意/王墓の勅命/神殿の聖火 | 砂塵:砂塵/砂海/砂縛/蜃気楼/塩嵐 | 恵沢:恵沢/オアシス/香果の癒し/芳香の巡り/生命の泉"
"霊峰","源泉","岩地:岩地/石壁/地脈/山嶺崩し/岩砦 | 氷嶺:氷嶺/凍結域/氷床/氷壁/氷河葬 | 地火:地火/地熱循環/溶岩流/火山礫/炉心 | 鉱脈:鉱脈/晶化/霊峰極意/鉱脈探知/晶盾"
"海神","源泉","潮汐:潮汐/引潮/高潮/大海嘯/渦潮 | 航祈:航祈/凪祈/追風/魚群探知/水の導き | 荒天:荒天/暴風雨/豪雨/海霧/白波の吹雪 | 海淵:海淵/深淵圧/海神極意/沈船の影/深海の呼び声"
"星辰","源泉","星夜:星夜/星落/月灯/極夜/オーロラ | 重力:重力/重圧（星辰）/引力/斥力/浮遊（星辰） | 時空:時空/加速/転位/星辰極意/遅延 | 夢幻:夢幻/夢歩/眠りの帳/悪夢/夢写し"
"信仰","術法","奇跡:癒しの祈り/大いなる癒し/蘇生祈願/祈りの連鎖/祝福 | 浄化:浄化/解呪/祓/聖水/穢れ退け | 聖護:聖護/庇護結界/神域/恩寵/聖具の盾 | 審判:審判光/破邪/神雷/天罰/聖光の裁き"
"呪術","術法","呪詛:衰弱呪/盲呪/呪縛/誘惑/呪毒 | 血術:血刃/吸命/血誓/魔血吸収/禁薬 | 死霊:死霊召喚/魂喚/亡者の盾/鎮魂/冥兵 | 暗黒:暗黒弾/奈落/死の宣告/影喰/虚無"
"魔術","術法","元素:火球/風刃/岩槍/大元素術/水弾 | 術式:術式障壁/術式転位/大術式/火炎陣/解析術 | 錬金:錬金爆弾/物質転写/回復薬調合/毒薬調合/解毒触媒 | 召喚:召喚/契約陣/火精召喚/水精召喚/召喚維持"
"符術","術法","五行:火符/五行大符/金符/水符/木符 | 符法:結界符/頭封じの符/腕封じの符/脚封じの符/大結界 | 式神:式神・攻/式神・護/式神・連携/式神・縛/式神・憑 | 巫祭:巫祭・祓/神楽/吉兆の祈り/招霊/祭具"
"機巧","術法","魔工:魔工障壁/自動砲台/迎撃装置/機巧陣地/魔導動力 | 兵装:衝撃杭/拘束機/牽引装置/炸裂機雷/光刃 | 鍛冶:鍛造/ルーン刻印/合金化/防具補強/武器調律 | 遺構:照準器/観測ドローン/遺構解析/古代回路/修復工学"
"異能","術法","念動:念動衝/念動引寄/重圧（異能）/念動投射/浮遊（異能） | 感応:危機感知/精神波/魅了眼/予知/超越感応 | 転移:念動交換/瞬歩/位置交換/次元跳躍/空間断絶 | 発現:現象暴走/発火/電撃/念障壁/身体強化"
"探索","技能","盗技:宝箱解錠/罠外し/扉解錠 | 隠密:潜伏/先制攻撃/逃走経路 | 索敵:索敵/奇襲回避/宝箱探知 | 鑑識:素材見極め/弱点鑑識/魔物知識"
"士気","技能","歌唱:勇壮歌/鎮静歌/生命歌/合唱/背水歌 | 舞踏:鼓舞舞/誘導舞/軽歩/連携舞/風舞 | 奏楽:戦奏/循環奏/大合奏/護りの旋律/終曲 | 号令:攻勢の号令/先陣の号令/士気極意/守勢の号令/集中指示"
