"名称","Mode","Kind","SP","SetCost","属性","射程","Scope","依存","対象","習得条件","説明","Targeting","Passive","Special","Reaction","Body","Cast","Buff","Magnitude","Heal","ResourceRecovery","Weapons","仕様状態"
"軽身","Passive","passive","0","2","斬","near","single","PHY","self","無手/身軽/R5/SKL20","セット中のみ有効。能力・戦術効果を付与","","{""evade"":8}","","","","0","","","","","","要レビュー"
"回避歩法","Passive","passive","0","2","斬","near","single","PHY","self","軽装/軽業/R5/SKL20","セット中のみ有効。能力・戦術効果を付与","","{""evade"":8}","","","","0","","","","","","要レビュー"
"先制歩法","Passive","passive","0","2","斬","near","single","PHY","self","無手/身軽/R15/SKL30","セット中のみ有効。能力・戦術効果を付与","","{""openingSpeed"":10}","","","","0","","","","","","要レビュー"
"先制","Passive","passive","0","2","斬","near","single","PHY","self","軽装/軽業/R15/SKL30","セット中のみ有効。能力・戦術効果を付与","","{""openingSpeed"":10}","","","","0","","","","","","要レビュー"
"Cost軽減","Passive","passive","0","2","斬","near","single","PHY","self","無手/自在/R15/SKL30","セット中のみ有効。各スキルCost -1（最低1）","","{""costDiscount"":1}","","","","0","","","","","","要レビュー"
"容量拡張","Passive","passive","0","2","斬","near","single","PHY","self","無手/自在/R25/SKL40","セット中のみ有効。セット上限 +4","","{""capacity"":4}","","","","0","","","","","","要レビュー"
"即時道具","Passive","passive","0","2","斬","near","single","PHY","self","無手/即応/R25/SKL40","セット中のみ有効。能力・戦術効果を付与","","{""itemSpeed"":20}","","","","0","","","","","","要レビュー"
"即時換装","Passive","passive","0","2","斬","near","single","PHY","self","無手/即応/R35/SKL50","セット中のみ有効。能力・戦術効果を付与","","{""swapReaction"":1}","","","","0","","","","","","要レビュー"
"携行強化","Passive","passive","0","2","斬","near","single","PHY","self","無手/携行/R35/SKL50","セット中のみ有効。能力・戦術効果を付与","","{""throwBoost"":0.15}","","","","0","","","","","","要レビュー"
"投具補助","Passive","passive","0","2","斬","near","single","PHY","self","無手/携行/R45/SKL60","セット中のみ有効。能力・戦術効果を付与","","{""throwBoost"":0.15}","","","","0","","","","","","要レビュー"
"受身","Passive","passive","0","2","斬","near","single","PHY","self","格闘/受身/R35/PHY50","セット中のみ有効。能力・戦術効果を付与","","{""reduction"":0.08}","","","","0","","","","","格闘","要レビュー"
"逆手受流","Passive","passive","0","2","斬","near","single","PHY","self","短剣/逆手/R25/SKL40","セット中のみ有効。能力・戦術効果を付与","","{""reduction"":0.08}","","","","0","","","","","短剣","要レビュー"
"受流し","Passive","passive","0","2","斬","near","single","PHY","self","剣/守剣/R25/SKL40","セット中のみ有効。能力・戦術効果を付与","","{""reduction"":0.08}","","","","0","","","","","剣","要レビュー"
"受流軽減","Passive","passive","0","2","斬","near","single","PHY","self","軽装/受流/R15/SKL30","セット中のみ有効。能力・戦術効果を付与","","{""reduction"":0.08}","","","","0","","","","","","要レビュー"
"防御安定","Passive","passive","0","2","斬","near","single","PHY","self","重装/堅牢/R15/PHY30","セット中のみ有効。能力・戦術効果を付与","","{""reduction"":0.08}","","","","0","","","","","","要レビュー"
"短刀見切","Passive","passive","0","4","斬","near","single","PHY","self","短剣/短刀/R25/SKL40","セット中のみ有効。能力・戦術効果を付与","","{""evade"":12}","","","","0","","","","","短剣","要レビュー"
"見切","Passive","passive","0","4","斬","near","single","PHY","self","刀/見切/R35/SKL50","セット中のみ有効。能力・戦術効果を付与","","{""evade"":12}","","","","0","","","","","刀","要レビュー"
"徒手反撃","Passive","passive","0","4","斬","near","single","PHY","self","格闘/受身/R45/PHY60","セット中のみ有効。被撃時に反撃（割込み1回）","","{""counter"":1}","","{""trigger"":""hit"",""kind"":""counter"",""target"":""attacker"",""area"":""single"",""noChain"":true}","","0","","","","","格闘","要レビュー"
"反撃刃","Passive","passive","0","4","斬","near","single","PHY","self","短剣/逆手/R35/SKL50","セット中のみ有効。被撃時に反撃（割込み1回）","","{""counter"":1}","","{""trigger"":""hit"",""kind"":""counter"",""target"":""attacker"",""area"":""single"",""noChain"":true}","","0","","","","","短剣","要レビュー"
"剣反撃","Passive","passive","0","4","斬","near","single","PHY","self","剣/守剣/R35/SKL50","セット中のみ有効。被撃時に反撃（割込み1回）","","{""counter"":1}","","{""trigger"":""hit"",""kind"":""counter"",""target"":""attacker"",""area"":""single"",""noChain"":true}","","0","","","","","剣","要レビュー"
"守護反撃","Passive","passive","0","4","斬","near","single","PHY","self","槌/守護/R45/PHY60","セット中のみ有効。被撃時に反撃（割込み1回）","","{""counter"":1}","","{""trigger"":""hit"",""kind"":""counter"",""target"":""attacker"",""area"":""single"",""noChain"":true}","","0","","","","","槌","要レビュー"
"心眼反撃","Passive","passive","0","4","斬","near","single","PHY","self","刀/見切/R45/SKL60","セット中のみ有効。被撃時に反撃（割込み1回）","","{""counter"":1}","","{""trigger"":""hit"",""kind"":""counter"",""target"":""attacker"",""area"":""single"",""noChain"":true}","","0","","","","","刀","要レビュー"
"盾反撃","Passive","passive","0","4","斬","near","single","PHY","self","盾/小盾/R15/PHY30","セット中のみ有効。被撃時に反撃（割込み1回）","","{""counter"":1}","","{""trigger"":""hit"",""kind"":""counter"",""target"":""attacker"",""area"":""single"",""noChain"":true}","","0","","","","","盾","要レビュー"
"迎撃槍","Passive","passive","0","4","斬","near","single","PHY","self","槍/迎撃/R25/SKL40","セット中のみ有効。近接行動を迎撃（割込み1回）","","{""intercept"":1}","","","","0","","","","","槍","要レビュー"
"侵入阻止","Passive","passive","0","4","斬","near","single","PHY","self","槍/迎撃/R35/SKL50","セット中のみ有効。近接行動を迎撃（割込み1回）","","{""intercept"":1}","","","","0","","","","","槍","要レビュー"
"重装特効","Passive","passive","0","3","斬","near","single","PHY","self","斧/破甲/R35/PHY50","セット中のみ有効。能力・戦術効果を付与","","{""armoredBonus"":0.2}","","","","0","","","","","斧","要レビュー"
"瀕死特効","Passive","passive","0","2","斬","near","single","PHY","self","鎌/処刑/R35/SKL50","セット中のみ有効。能力・戦術効果を付与","","{""executeBonus"":0.25}","","","","0","","","","","鎌","要レビュー"
"先制抜刀","Passive","passive","0","3","斬","near","single","PHY","self","刀/居合/R35/SKL50","セット中のみ有効。能力・戦術効果を付与","","{""openingSpeed"":15}","","","","0","","","","","刀","要レビュー"
"弱点狙い","Passive","passive","0","2","斬","near","single","PHY","self","銃/精密/R45/SKL60","セット中のみ有効。能力・戦術効果を付与","","{""weakBonus"":0.15}","","","","0","","","","","銃","要レビュー"
"補助増幅","Passive","passive","0","2","斬","near","single","PHY","self","杖/短杖/R5/ARC20","セット中のみ有効。能力・戦術効果を付与","","{""healBoost"":0.15}","","","","0","","","","","杖","要レビュー"
"即応詠唱","Passive","passive","0","2","斬","near","single","PHY","self","杖/短杖/R15/ARC30","セット中のみ有効。能力・戦術効果を付与","","{""castSpeed"":10}","","","","0","","","","","杖","要レビュー"
"術威力増幅","Passive","passive","0","3","斬","near","single","PHY","self","杖/長杖/R15/ARC30","セット中のみ有効。能力・戦術効果を付与","","{""spellBoost"":0.12}","","","","0","","","","","杖","要レビュー"
"術法連携","Passive","passive","0","3","斬","near","single","PHY","self","魔装/法衣/R35/ARC50","セット中のみ有効。能力・戦術効果を付与","","{""spellBoost"":0.12}","","","","0","","","","","","要レビュー"
"術射程","Passive","passive","0","3","斬","near","single","PHY","self","杖/長杖/R25/ARC40","セット中のみ有効。能力・戦術効果を付与","","{""spellRange"":1}","","","","0","","","","","杖","要レビュー"
"集中詠唱","Passive","passive","0","3","斬","near","single","PHY","self","杖/詠唱/R25/ARC40","セット中のみ有効。能力・戦術効果を付与","","{""castStability"":30}","","","","0","","","","","杖","要レビュー"
"詠唱耐性","Passive","passive","0","3","斬","near","single","PHY","self","魔装/集中/R15/ARC30","セット中のみ有効。能力・戦術効果を付与","","{""castStability"":30}","","","","0","","","","","","要レビュー"
"気力節約","Passive","passive","0","3","斬","near","single","PHY","self","杖/詠唱/R35/ARC50 | 魔装/循環/R25/ARC40","セット中のみ有効。能力・戦術効果を付与","","{""spDiscount"":2}","","","","0","","","","","杖","要レビュー"
"盾受流","Passive","passive","0","2","斬","near","single","PHY","self","盾/小盾/R5/PHY20","セット中のみ有効。能力・戦術効果を付与","","{""guard"":0.1}","","","","0","","","","","盾","要レビュー"
"ガード","Passive","passive","0","2","斬","near","single","PHY","self","重装/鉄壁/R25/PHY40","セット中のみ有効。能力・戦術効果を付与","","{""guard"":0.1}","","","","0","","","","","","要レビュー"
"列庇護","Passive","passive","0","4","斬","near","single","PHY","self","盾/大盾/R25/PHY40","セット中のみ有効。能力・戦術効果を付与","","{""rowGuard"":0.15}","","","","0","","","","","盾","要レビュー"
"庇護","Passive","passive","0","4","斬","near","single","PHY","self","重装/鉄壁/R35/PHY50 | 信仰/聖護/R45/ARC60","セット中のみ有効。味方への単体攻撃を庇う（割込み1回）","","{""cover"":1}","","","","0","","","","","","要レビュー"
"踏ん張り","Passive","passive","0","4","斬","near","single","PHY","self","盾/不屈/R45/PHY60","セット中のみ有効。能力・戦術効果を付与","","{""survive"":1}","","","","0","","","","","盾","要レビュー"
"属性障壁","Passive","passive","0","3","斬","near","single","PHY","self","魔装/霊衣/R5/ARC20","セット中のみ有効。能力・戦術効果を付与","","{""magicDef"":12}","","","","0","","","","","","要レビュー"
"魔防強化","Passive","passive","0","3","斬","near","single","PHY","self","魔装/霊衣/R15/ARC30","セット中のみ有効。能力・戦術効果を付与","","{""magicDef"":12}","","","","0","","","","","","要レビュー"
"付与集中","Passive","passive","0","2","斬","near","single","PHY","self","魔装/集中/R25/ARC40","セット中のみ有効。能力・戦術効果を付与","","{""statusBonus"":10}","","","","0","","","","","","要レビュー"
"気力回復","Passive","passive","0","3","斬","near","single","PHY","self","魔装/循環/R35/ARC50","セット中のみ有効。1戦につきSP6を1回回復","","{""spOnce"":6}","","","","0","","","","","","要レビュー"
"異常耐性","Passive","passive","0","3","斬","near","single","PHY","self","魔装/法衣/R45/ARC60","セット中のみ有効。能力・戦術効果を付与","","{""statusResist"":15}","","","","0","","","","","","要レビュー"
"反撃補助","Passive","passive","0","2","斬","near","single","PHY","self","軽装/受流/R25/SKL40","セット中のみ有効。能力・戦術効果を付与","","{""counterBonus"":0.2}","","","","0","","","","","","要レビュー"
"列移動","Passive","passive","0","2","斬","near","single","PHY","self","軽装/機動/R25/SKL40","セット中のみ有効。能力・戦術効果を付与","","{""moveSpeed"":10}","","","","0","","","","","","要レビュー"
"重量軽減","Passive","passive","0","3","斬","near","single","PHY","self","軽装/機動/R35/SKL50 | 重装/重装/R35/PHY50","セット中のみ有効。能力・戦術効果を付与","","{""loadReduction"":0.2}","","","","0","","","","","","要レビュー"
"奇襲","Passive","passive","0","2","斬","near","single","PHY","self","軽装/急襲/R35/SKL50 | 探索/隠密/R25/SKL40","セット中のみ有効。能力・戦術効果を付与","","{""openingBonus"":0.15}","","","","0","","","","","","要レビュー"
"クリティカル","Passive","passive","0","3","斬","near","single","PHY","self","軽装/急襲/R45/SKL60","セット中のみ有効。能力・戦術効果を付与","","{""crit"":10}","","","","0","","","","","","要レビュー"
"物理軽減","Passive","passive","0","3","斬","near","single","PHY","self","重装/堅牢/R5/PHY20","セット中のみ有効。能力・戦術効果を付与","","{""reduction"":0.1}","","","","0","","","","","","要レビュー"
"吹飛耐性","Passive","passive","0","2","斬","near","single","PHY","self","重装/不動/R15/PHY30","セット中のみ有効。能力・戦術効果を付与","","{""moveResist"":25}","","","","0","","","","","","要レビュー"
"気絶耐性","Passive","passive","0","2","斬","near","single","PHY","self","重装/不動/R25/PHY40","セット中のみ有効。能力・戦術効果を付与","","{""stunResist"":25}","","","","0","","","","","","要レビュー"
"重装補正","Passive","passive","0","3","斬","near","single","PHY","self","重装/重装/R45/PHY60","セット中のみ有効。能力・戦術効果を付与","","{""physicalDef"":12}","","","","0","","","","","","要レビュー"
"連拳","Active","skill","7","3","壊","near","single","SKL","enemy","格闘/拳打/R5/SKL20","総倍率（全段合計）。","{""side"":""enemy"",""column"":""same"",""order"":""front"",""area"":""single"",""origin"":""target"",""ignoreTaunt"":false}","","","","arms","0","","","","","格闘","要レビュー"
"震拳","Active","skill","9","3","壊","near","single","PHY","enemy","格闘/拳打/R15/PHY30","","{""side"":""enemy"",""column"":""same"",""order"":""front"",""area"":""single"",""origin"":""target"",""ignoreTaunt"":false}","","","","arms","0","","","","","格闘","要レビュー"
"連脚","Active","skill","8","3","壊","near","single","SKL","enemy","格闘/蹴撃/R15/SKL30","総倍率（全段合計）。","{""side"":""enemy"",""column"":""same"",""order"":""front"",""area"":""single"",""origin"":""target"",""ignoreTaunt"":false}","","","","legs","0","","","","","格闘","要レビュー"
"飛蹴","Active","skill","10","3","壊","mid","single","SKL","enemy","格闘/蹴撃/R25/SKL40","","{""side"":""enemy"",""column"":""same"",""order"":""front"",""area"":""single"",""origin"":""target"",""ignoreTaunt"":false}","","","","legs","0","","","","","格闘","要レビュー"
"投げ","Active","skill","8","3","壊","near","single","PHY","enemy","格闘/投技/R25/PHY40","","{""side"":""enemy"",""column"":""same"",""order"":""front"",""area"":""single"",""origin"":""target"",""ignoreTaunt"":false}","","","","arms","0","","","","","格闘","要レビュー"
"吹飛ばし","Active","skill","8","3","壊","near","single","PHY","enemy","格闘/投技/R35/PHY50 | 槌/大槌/R25/PHY40 | 異能/念動/R15/PHY30","","{""side"":""enemy"",""column"":""same"",""order"":""front"",""area"":""single"",""origin"":""target"",""ignoreTaunt"":false}","","","","arms","0","","","","","","要レビュー"
"連刃","Active","skill","7","3","斬","near","single","SKL","enemy","短剣/短刃/R5/SKL20","総倍率（全段合計）。","{""side"":""enemy"",""column"":""same"",""order"":""front"",""area"":""single"",""origin"":""target"",""ignoreTaunt"":false}","","","","arms","0","","","","","短剣","要レビュー"
"連斬","Active","skill","7","3","斬","near","single","SKL","enemy","剣/剣身/R5/SKL20","総倍率（全段合計）。","{""side"":""enemy"",""column"":""same"",""order"":""front"",""area"":""single"",""origin"":""target"",""ignoreTaunt"":false}","","","","arms","0","","","","","剣","要レビュー"
"連鞭","Active","skill","7","3","斬","mid","single","SKL","enemy","鞭/鞭索/R5/SKL20","総倍率（全段合計）。","{""side"":""enemy"",""column"":""same"",""order"":""front"",""area"":""single"",""origin"":""target"",""ignoreTaunt"":false}","","","","arms","0","","","","","鞭","要レビュー"
"連閃","Active","skill","7","3","斬","near","single","SKL","enemy","刀/打刀/R5/SKL20","総倍率（全段合計）。","{""side"":""enemy"",""column"":""same"",""order"":""front"",""area"":""single"",""origin"":""target"",""ignoreTaunt"":false}","","","","arms","0","","","","","刀","要レビュー"
"急所突き","Active","skill","9","3","斬","near","single","SKL","enemy","短剣/短刃/R15/SKL30","","{""side"":""enemy"",""column"":""same"",""order"":""through"",""area"":""single"",""origin"":""target"",""ignoreTaunt"":false}","","","","arms","0","","","","","短剣","要レビュー"
"抜打ち","Active","skill","5","2","斬","near","single","SKL","enemy","短剣/短刀/R15/SKL30","","{""side"":""enemy"",""column"":""same"",""order"":""through"",""area"":""single"",""origin"":""target"",""ignoreTaunt"":false}","","","","arms","0","","","","","短剣","要レビュー"
"毒刃","Active","skill","7","3","斬","near","single","SKL","enemy","短剣/暗殺/R35/SKL50","","{""side"":""enemy"",""column"":""same"",""order"":""through"",""area"":""single"",""origin"":""target"",""ignoreTaunt"":false}","","","","arms","0","","","","","短剣","要レビュー"
"盲目刃","Active","skill","7","3","斬","near","single","SKL","enemy","短剣/暗殺/R45/SKL60","","{""side"":""enemy"",""column"":""same"",""order"":""through"",""area"":""single"",""origin"":""target"",""ignoreTaunt"":false}","","","","arms","0","","","","","短剣","要レビュー"
"強斬","Active","skill","13","5","斬","near","single","PHY","enemy","剣/剣身/R15/PHY30","","{""side"":""enemy"",""column"":""same"",""order"":""front"",""area"":""single"",""origin"":""target"",""ignoreTaunt"":false}","","","","arms","0","","","","","剣","要レビュー"
"大薙ぎ","Active","skill","12","4","斬","near","row","PHY","enemy","剣/大剣/R15/PHY30 | 斧/大斧/R25/PHY40","","{""side"":""enemy"",""column"":""same"",""order"":""front"",""area"":""horizontal"",""origin"":""target"",""ignoreTaunt"":false}","","","","arms","0","","","","","剣/斧","要レビュー"
"崩剣","Active","skill","10","3","斬","near","single","PHY","enemy","剣/大剣/R25/PHY40","","{""side"":""enemy"",""column"":""same"",""order"":""front"",""area"":""single"",""origin"":""target"",""ignoreTaunt"":false}","","","","arms","0","","-0.2","","","剣","要レビュー"
"破甲斬","Active","skill","10","3","斬","near","single","PHY","enemy","斧/破甲/R25/PHY40","","{""side"":""enemy"",""column"":""same"",""order"":""front"",""area"":""single"",""origin"":""target"",""ignoreTaunt"":false}","","","","arms","0","","-0.2","","","斧","要レビュー"
"火炎剣","Active","skill","12","3","[""斬"",""火""]","near","single","MIX","enemy","剣/導剣/R35/ARC50","","{""side"":""enemy"",""column"":""same"",""order"":""front"",""area"":""single"",""origin"":""target"",""ignoreTaunt"":false}","","","","arms","0","","","","","剣","要レビュー"
"属性付与","Active","skill","12","3","[""斬"",""闇""]","near","single","MIX","enemy","剣/導剣/R45/ARC60","","{""side"":""enemy"",""column"":""same"",""order"":""front"",""area"":""single"",""origin"":""target"",""ignoreTaunt"":false}","","","","arms","0","","","","","剣","要レビュー"
"属性刈","Active","skill","12","3","[""斬"",""闇""]","near","single","MIX","enemy","鎌/魔刈/R45/ARC60","","{""side"":""enemy"",""column"":""same"",""order"":""front"",""area"":""single"",""origin"":""target"",""ignoreTaunt"":false}","","","","arms","0","","","","","鎌","要レビュー"
"破砕撃","Active","skill","10","3","壊","near","single","PHY","enemy","槌/戦槌/R5/PHY20","","{""side"":""enemy"",""column"":""same"",""order"":""front"",""area"":""single"",""origin"":""target"",""ignoreTaunt"":false}","","","","arms","0","","","","","槌","要レビュー"
"鎧砕き","Active","skill","8","3","壊","near","single","PHY","enemy","槌/戦槌/R15/PHY30","","{""side"":""enemy"",""column"":""same"",""order"":""front"",""area"":""single"",""origin"":""target"",""ignoreTaunt"":false}","","","","arms","0","","-0.2","","","槌","要レビュー"
"震撃","Active","skill","13","4","壊","near","single","PHY","enemy","槌/大槌/R15/PHY30","","{""side"":""enemy"",""column"":""same"",""order"":""front"",""area"":""cross"",""origin"":""target"",""ignoreTaunt"":false}","","","","arms","0","","","","","槌","要レビュー"
"動揺打","Active","skill","8","3","壊","near","single","PHY","enemy","槌/鎮圧/R25/PHY40","","{""side"":""enemy"",""column"":""same"",""order"":""front"",""area"":""single"",""origin"":""target"",""ignoreTaunt"":false}","","","","arms","0","","","","","槌","要レビュー"
"制圧打","Active","skill","8","3","壊","near","single","PHY","enemy","槌/鎮圧/R35/PHY50","","{""side"":""enemy"",""column"":""same"",""order"":""front"",""area"":""single"",""origin"":""target"",""ignoreTaunt"":false}","","","","arms","0","","","","","槌","要レビュー"
"護槌","Active","skill","6","3","無","all","single","PHY","self","槌/守護/R35/PHY50","","{""side"":""self"",""column"":""self"",""order"":""self"",""area"":""single"",""origin"":""target"",""ignoreTaunt"":false}","","","","arms","0","","","","","槌","要レビュー"
"大盾防御","Active","skill","6","3","無","all","single","PHY","self","盾/大盾/R15/PHY30","","{""side"":""self"",""column"":""self"",""order"":""self"",""area"":""single"",""origin"":""target"",""ignoreTaunt"":false}","","","","arms","0","","","","","盾","要レビュー"
"速斧","Active","skill","4","2","斬","near","single","PHY","enemy","斧/手斧/R5/PHY20","","{""side"":""enemy"",""column"":""same"",""order"":""front"",""area"":""single"",""origin"":""target"",""ignoreTaunt"":false}","","","","arms","0","","","","","斧","要レビュー"
"投斧","Active","skill","7","3","斬","mid","single","PHY","enemy","斧/手斧/R15/PHY30","","{""side"":""enemy"",""column"":""select"",""order"":""front"",""area"":""single"",""origin"":""target"",""ignoreTaunt"":false}","","","","arms","0","","","","","斧","要レビュー"
"断頭斧","Active","skill","16","6","斬","near","single","PHY","enemy","斧/大斧/R15/PHY30","","{""side"":""enemy"",""column"":""same"",""order"":""front"",""area"":""single"",""origin"":""target"",""ignoreTaunt"":false}","","","","arms","0","","","","","斧","要レビュー"
"捨身斬","Active","skill","14","5","斬","near","single","PHY","enemy","斧/捨身/R35/PHY50","","{""side"":""enemy"",""column"":""same"",""order"":""front"",""area"":""single"",""origin"":""target"",""ignoreTaunt"":false}","","","","arms","0","","","","","斧","要レビュー"
"反動斧","Active","skill","14","5","斬","near","single","PHY","enemy","斧/捨身/R45/PHY60","","{""side"":""enemy"",""column"":""same"",""order"":""front"",""area"":""single"",""origin"":""target"",""ignoreTaunt"":false}","","","","arms","0","","","","","斧","要レビュー"
"短槍突","Active","skill","4","2","突","mid","single","PHY","enemy","槍/短槍/R5/PHY20","","{""side"":""enemy"",""column"":""same"",""order"":""front"",""area"":""single"",""origin"":""target"",""ignoreTaunt"":false}","","","","arms","0","","","","","槍","要レビュー"
"投槍","Active","skill","9","3","突","far","single","PHY","enemy","槍/短槍/R15/PHY30","","{""side"":""enemy"",""column"":""select"",""order"":""front"",""area"":""single"",""origin"":""target"",""ignoreTaunt"":false}","","","","arms","0","","","","","槍","要レビュー"
"貫穿","Active","skill","10","4","突","mid","pierce","PHY","enemy","槍/長槍/R15/PHY30","","{""side"":""enemy"",""column"":""same"",""order"":""front"",""area"":""vertical"",""origin"":""target"",""ignoreTaunt"":false}","","","","arms","0","","","","","槍","要レビュー"
"列貫通","Active","skill","12","4","突","mid","row","PHY","enemy","槍/長槍/R25/PHY40","","{""side"":""enemy"",""column"":""same"",""order"":""front"",""area"":""horizontal"",""origin"":""target"",""ignoreTaunt"":false}","","","","arms","0","","","","","槍","要レビュー"
"足止め","Active","skill","8","3","突","mid","single","PHY","enemy","槍/陣槍/R35/PHY50","","{""side"":""enemy"",""column"":""same"",""order"":""front"",""area"":""single"",""origin"":""target"",""ignoreTaunt"":false}","","","","arms","0","","","","","槍","要レビュー"
"列押出し","Active","skill","12","5","突","mid","row","PHY","enemy","槍/陣槍/R45/PHY60","","{""side"":""enemy"",""column"":""same"",""order"":""front"",""area"":""horizontal"",""origin"":""target"",""ignoreTaunt"":false}","","","","arms","0","","","","","槍","要レビュー"
"追鞭","Active","skill","8","3","斬","mid","single","SKL","enemy","鞭/鞭索/R15/SKL30","","{""side"":""enemy"",""column"":""same"",""order"":""through"",""area"":""single"",""origin"":""target"",""ignoreTaunt"":false}","","","","arms","0","","","","","鞭","要レビュー"
"追撃鞭","Active","skill","8","3","斬","mid","single","SKL","enemy","鞭/薙撃/R45/SKL60","","{""side"":""enemy"",""column"":""same"",""order"":""through"",""area"":""single"",""origin"":""target"",""ignoreTaunt"":false}","","","","arms","0","","","","","鞭","要レビュー"
"頭封じ","Active","skill","8","3","斬","mid","single","SKL","enemy","鞭/拘束/R15/SKL30","","{""side"":""enemy"",""column"":""same"",""order"":""through"",""area"":""single"",""origin"":""target"",""ignoreTaunt"":false}","","","","arms","0","","","","","鞭","要レビュー"
"腕封じ","Active","skill","8","3","斬","mid","single","SKL","enemy","鞭/拘束/R25/SKL40","","{""side"":""enemy"",""column"":""same"",""order"":""through"",""area"":""single"",""origin"":""target"",""ignoreTaunt"":false}","","","","arms","0","","","","","鞭","要レビュー"
"脚封じ","Active","skill","8","3","斬","mid","single","SKL","enemy","鞭/拘束/R35/SKL50","","{""side"":""enemy"",""column"":""same"",""order"":""through"",""area"":""single"",""origin"":""target"",""ignoreTaunt"":false}","","","","arms","0","","","","","鞭","要レビュー"
"引寄せ","Active","skill","7","3","斬","far","single","SKL","enemy","鞭/牽引/R25/SKL40","","{""side"":""enemy"",""column"":""select"",""order"":""through"",""area"":""single"",""origin"":""target"",""ignoreTaunt"":false}","","","","arms","0","","","","","鞭","要レビュー"
"鉤引き","Active","skill","7","3","斬","far","single","SKL","enemy","鎌/鉤鎌/R15/SKL30","","{""side"":""enemy"",""column"":""select"",""order"":""through"",""area"":""single"",""origin"":""target"",""ignoreTaunt"":false}","","","","arms","0","","","","","鎌","要レビュー"
"押出し","Active","skill","8","3","斬","mid","single","SKL","enemy","鞭/牽引/R35/SKL50","","{""side"":""enemy"",""column"":""same"",""order"":""front"",""area"":""single"",""origin"":""target"",""ignoreTaunt"":false}","","","","arms","0","","","","","鞭","要レビュー"
"列薙ぎ","Active","skill","11","4","斬","mid","row","SKL","enemy","鞭/薙撃/R35/SKL50","","{""side"":""enemy"",""column"":""same"",""order"":""front"",""area"":""horizontal"",""origin"":""target"",""ignoreTaunt"":false}","","","","arms","0","","","","","鞭","要レビュー"
"刈断","Active","skill","8","3","斬","near","single","PHY","enemy","鎌/戦鎌/R5/PHY20","","{""side"":""enemy"",""column"":""same"",""order"":""front"",""area"":""single"",""origin"":""target"",""ignoreTaunt"":false}","","","","arms","0","","","","","鎌","要レビュー"
"大刈り","Active","skill","12","4","斬","near","row","PHY","enemy","鎌/戦鎌/R15/PHY30","","{""side"":""enemy"",""column"":""same"",""order"":""front"",""area"":""horizontal"",""origin"":""target"",""ignoreTaunt"":false}","","","","arms","0","","","","","鎌","要レビュー"
"体勢崩し","Active","skill","8","3","斬","near","single","PHY","enemy","鎌/鉤鎌/R25/PHY40","","{""side"":""enemy"",""column"":""same"",""order"":""through"",""area"":""single"",""origin"":""target"",""ignoreTaunt"":false}","","","","arms","0","","","","","鎌","要レビュー"
"処刑刃","Active","skill","14","5","斬","near","single","PHY","enemy","鎌/処刑/R25/PHY40","","{""side"":""enemy"",""column"":""same"",""order"":""front"",""area"":""single"",""origin"":""target"",""ignoreTaunt"":false}","","","","arms","0","","","","","鎌","要レビュー"
"吸魂刈","Active","skill","13","3","[""斬"",""闇""]","near","single","MIX","enemy","鎌/魔刈/R35/ARC50","","{""side"":""enemy"",""column"":""same"",""order"":""through"",""area"":""single"",""origin"":""target"",""ignoreTaunt"":false}","","","","arms","0","","","","","鎌","要レビュー"
"斬鉄","Active","skill","12","4","斬","near","single","SKL","enemy","刀/打刀/R15/SKL30","","{""side"":""enemy"",""column"":""same"",""order"":""front"",""area"":""single"",""origin"":""target"",""ignoreTaunt"":false}","","","","arms","0","","","","","刀","要レビュー"
"大太刀薙ぎ","Active","skill","14","5","斬","near","row","SKL","enemy","刀/大太刀/R15/SKL30","","{""side"":""enemy"",""column"":""same"",""order"":""front"",""area"":""horizontal"",""origin"":""target"",""ignoreTaunt"":false}","","","","arms","0","","","","","刀","要レビュー"
"遠間斬","Active","skill","8","3","斬","mid","single","SKL","enemy","刀/大太刀/R25/SKL40","","{""side"":""enemy"",""column"":""same"",""order"":""front"",""area"":""single"",""origin"":""target"",""ignoreTaunt"":false}","","","","arms","0","","","","","刀","要レビュー"
"居合抜き","Active","skill","11","4","斬","near","single","SKL","enemy","刀/居合/R25/SKL40","","{""side"":""enemy"",""column"":""same"",""order"":""front"",""area"":""single"",""origin"":""target"",""ignoreTaunt"":false}","","","","arms","0","","","","","刀","要レビュー"
"速射","Active","skill","4","2","突","far","single","SKL","enemy","弓/短弓/R5/SKL20 | 銃/短銃/R5/SKL20","","{""side"":""enemy"",""column"":""same"",""order"":""front"",""area"":""single"",""origin"":""target"",""ignoreTaunt"":false}","","","","arms","0","","","","","弓/銃","要レビュー"
"近射","Active","skill","4","2","突","far","single","SKL","enemy","弓/短弓/R15/SKL30","","{""side"":""enemy"",""column"":""same"",""order"":""front"",""area"":""single"",""origin"":""target"",""ignoreTaunt"":false}","","","","arms","0","","","","","弓","要レビュー"
"近接射撃","Active","skill","4","2","突","far","single","SKL","enemy","銃/短銃/R15/SKL30","","{""side"":""enemy"",""column"":""same"",""order"":""front"",""area"":""single"",""origin"":""target"",""ignoreTaunt"":false}","","","","arms","0","","","","","銃","要レビュー"
"強射","Active","skill","12","4","突","far","single","SKL","enemy","弓/長弓/R15/SKL30","","{""side"":""enemy"",""column"":""same"",""order"":""front"",""area"":""single"",""origin"":""target"",""ignoreTaunt"":false}","","","","arms","0","","","","","弓","要レビュー"
"貫通矢","Active","skill","12","4","突","far","pierce","SKL","enemy","弓/長弓/R25/SKL40","","{""side"":""enemy"",""column"":""same"",""order"":""front"",""area"":""vertical"",""origin"":""target"",""ignoreTaunt"":false}","","","","arms","0","","","","","弓","要レビュー"
"貫通弾","Active","skill","12","4","突","far","pierce","SKL","enemy","銃/長銃/R25/SKL40","","{""side"":""enemy"",""column"":""select"",""order"":""front"",""area"":""vertical"",""origin"":""target"",""ignoreTaunt"":false}","","","","arms","0","","","","","銃","要レビュー"
"曲射","Active","skill","8","3","突","far","single","SKL","enemy","弓/曲射/R25/SKL40","","{""side"":""enemy"",""column"":""select"",""order"":""last"",""area"":""single"",""origin"":""target"",""ignoreTaunt"":true}","","","","arms","0","","","","","弓","要レビュー"
"飛行射ち","Active","skill","8","3","突","far","single","SKL","enemy","弓/曲射/R35/SKL50","","{""side"":""enemy"",""column"":""select"",""order"":""front"",""area"":""single"",""origin"":""target"",""ignoreTaunt"":false}","","","","arms","0","","","","","弓","要レビュー"
"頭封じ射ち","Active","skill","9","3","突","far","single","SKL","enemy","弓/封射/R35/SKL50","","{""side"":""enemy"",""column"":""select"",""order"":""last"",""area"":""single"",""origin"":""target"",""ignoreTaunt"":true}","","","","arms","0","","","","","弓","要レビュー"
"脚封じ射ち","Active","skill","9","3","突","far","single","SKL","enemy","弓/封射/R45/SKL60","","{""side"":""enemy"",""column"":""select"",""order"":""last"",""area"":""single"",""origin"":""target"",""ignoreTaunt"":true}","","","","arms","0","","","","","弓","要レビュー"
"足止め射撃","Active","skill","9","3","突","far","single","SKL","enemy","銃/制圧/R35/SKL50","","{""side"":""enemy"",""column"":""select"",""order"":""through"",""area"":""single"",""origin"":""target"",""ignoreTaunt"":false}","","","","arms","0","","","","","銃","要レビュー"
"狙撃","Active","skill","13","4","突","far","single","SKL","enemy","銃/長銃/R15/SKL30","","{""side"":""enemy"",""column"":""select"",""order"":""last"",""area"":""single"",""origin"":""target"",""ignoreTaunt"":true}","","","","arms","0","","","","","銃","要レビュー"
"急所撃ち","Active","skill","13","4","突","far","single","SKL","enemy","銃/精密/R35/SKL50","","{""side"":""enemy"",""column"":""select"",""order"":""through"",""area"":""single"",""origin"":""target"",""ignoreTaunt"":true}","","","","arms","0","","","","","銃","要レビュー"
"制圧射撃","Active","skill","13","4","突","far","row","SKL","enemy","銃/制圧/R25/SKL40","","{""side"":""enemy"",""column"":""select"",""order"":""front"",""area"":""horizontal"",""origin"":""target"",""ignoreTaunt"":false}","","","","arms","0","","","","","銃","要レビュー"
"杖打","Active","skill","4","2","壊","near","single","PHY","enemy","杖/杖術/R35/PHY50","","{""side"":""enemy"",""column"":""same"",""order"":""front"",""area"":""single"",""origin"":""target"",""ignoreTaunt"":false}","","","","arms","0","","","","","杖","要レビュー"
"押出し杖","Active","skill","8","3","壊","near","single","PHY","enemy","杖/杖術/R45/PHY60","","{""side"":""enemy"",""column"":""same"",""order"":""front"",""area"":""single"",""origin"":""target"",""ignoreTaunt"":false}","","","","arms","0","","","","","杖","要レビュー"
"盾打","Active","skill","6","3","壊","near","single","PHY","enemy","盾/盾撃/R25/PHY40","","{""side"":""enemy"",""column"":""same"",""order"":""front"",""area"":""single"",""origin"":""target"",""ignoreTaunt"":false}","","","","arms","0","","","","","盾","要レビュー"
"盾押出し","Active","skill","8","3","壊","near","single","PHY","enemy","盾/盾撃/R35/PHY50","","{""side"":""enemy"",""column"":""same"",""order"":""front"",""area"":""single"",""origin"":""target"",""ignoreTaunt"":false}","","","","arms","0","","","","","盾","要レビュー"
"挑発","Active","skill","4","2","無","all","single","PHY","self","盾/不屈/R35/PHY50","","{""side"":""self"",""column"":""self"",""order"":""self"",""area"":""single"",""origin"":""target"",""ignoreTaunt"":false}","","{""taunt"":{""turns"":2}}","","arms","0","","","","","盾","要レビュー"
"連投","Active","skill","8","3","突","far","single","SKL","enemy","投擲/飛刃/R5/SKL20","総倍率（全段合計）。","{""side"":""enemy"",""column"":""select"",""order"":""front"",""area"":""single"",""origin"":""target"",""ignoreTaunt"":false}","","","","arms","0","","","","","投擲","要レビュー"
"急所投げ","Active","skill","8","3","突","far","single","SKL","enemy","投擲/飛刃/R15/SKL30","","{""side"":""enemy"",""column"":""select"",""order"":""through"",""area"":""single"",""origin"":""target"",""ignoreTaunt"":false}","","","","arms","0","","","","","投擲","要レビュー"
"毒針","Active","skill","7","3","突","far","single","SKL","enemy","投擲/飛針/R15/SKL30","","{""side"":""enemy"",""column"":""select"",""order"":""through"",""area"":""single"",""origin"":""target"",""ignoreTaunt"":false}","","","","arms","0","","","","","投擲","要レビュー"
"封じ針","Active","skill","8","3","突","far","single","SKL","enemy","投擲/飛針/R25/SKL40","","{""side"":""enemy"",""column"":""select"",""order"":""through"",""area"":""single"",""origin"":""target"",""ignoreTaunt"":false}","","","","arms","0","","","","","投擲","要レビュー"
"往復刃","Active","skill","10","3","斬","far","pierce","SKL","enemy","投擲/回刃/R25/SKL40","","{""side"":""enemy"",""column"":""select"",""order"":""front"",""area"":""vertical"",""origin"":""target"",""ignoreTaunt"":false}","","","","arms","0","","","","","投擲","要レビュー"
"旋回刃","Active","skill","10","3","斬","far","adjacent","SKL","enemy","投擲/回刃/R35/SKL50","","{""side"":""enemy"",""column"":""select"",""order"":""front"",""area"":""cross"",""origin"":""target"",""ignoreTaunt"":false}","","","","arms","0","","","","","投擲","要レビュー"
"爆弾","Active","skill","7","3","火","far","row","SKL","enemy","投擲/投具/R35/SKL50","","{""side"":""enemy"",""column"":""select"",""order"":""front"",""area"":""cross"",""origin"":""target"",""ignoreTaunt"":false}","","","","arms","0","","","","","投擲","要レビュー"
"煙玉","Active","skill","4","3","無","all","all","SKL","enemy","投擲/投具/R45/SKL60","","{""side"":""enemy"",""column"":""select"",""order"":""front"",""area"":""3x3"",""origin"":""target"",""ignoreTaunt"":false}","","","","arms","0","","","","","投擲","要レビュー"
"薬瓶","Active","skill","3","3","無","all","single","PHY","ally","投擲/投具/R50/PHY70","","{""side"":""ally"",""column"":""select"",""order"":""ally"",""area"":""single"",""origin"":""target"",""ignoreTaunt"":false}","","","","arms","0","","","","","投擲","要レビュー"
"風刃","Active","spell","12","3","風","far","single","ARC","enemy","森羅/翠風/R5/ARC20 | 魔術/元素/R35/ARC50","","{""side"":""enemy"",""column"":""select"",""order"":""front"",""area"":""single"",""origin"":""target"",""ignoreTaunt"":false}","","","","head","0","","","","","","要レビュー"
"加速風","Active","spell","12","3","無","all","single","ARC","ally","森羅/翠風/R15/ARC30","","{""side"":""ally"",""column"":""select"",""order"":""ally"",""area"":""single"",""origin"":""target"",""ignoreTaunt"":false}","","","","head","0","speed","0.2","","","","要レビュー"
"追い風","Active","spell","12","3","無","all","single","ARC","ally","海神/航祈/R15/ARC30","","{""side"":""ally"",""column"":""select"",""order"":""ally"",""area"":""single"",""origin"":""target"",""ignoreTaunt"":false}","","","","head","0","speed","0.2","","","","要レビュー"
"加速","Active","spell","12","3","無","all","single","ARC","ally","星辰/時空/R25/ARC40","","{""side"":""ally"",""column"":""select"",""order"":""ally"",""area"":""single"",""origin"":""target"",""ignoreTaunt"":false}","","","","head","0","speed","0.2","","","","要レビュー"
"飛翔","Active","spell","12","3","無","all","single","ARC","ally","森羅/翠風/R25/ARC40","","{""side"":""ally"",""column"":""select"",""order"":""ally"",""area"":""single"",""origin"":""target"",""ignoreTaunt"":false}","","","","head","0","speed","0.2","","","","要レビュー"
"浮遊","Active","spell","12","3","無","all","single","ARC","ally","異能/念動/R25/ARC40","","{""side"":""ally"",""column"":""select"",""order"":""ally"",""area"":""single"",""origin"":""target"",""ignoreTaunt"":false}","","","","head","0","speed","0.2","","","","要レビュー"
"蔦縛り","Active","spell","12","3","土","far","single","ARC","enemy","森羅/樹花/R15/ARC30","","{""side"":""enemy"",""column"":""same"",""order"":""front"",""area"":""single"",""origin"":""target"",""ignoreTaunt"":false}","","","","head","0","","","","","","要レビュー"
"木符","Active","spell","12","3","土","far","single","MND","enemy","符術/五行/R5/MND20","","{""side"":""enemy"",""column"":""same"",""order"":""front"",""area"":""single"",""origin"":""target"",""ignoreTaunt"":false}","","","","head","0","","","","","","要レビュー"
"毒草","Active","spell","10","3","土","far","single","ARC","enemy","森羅/樹花/R25/ARC40","","{""side"":""enemy"",""column"":""same"",""order"":""front"",""area"":""single"",""origin"":""target"",""ignoreTaunt"":false}","","","","head","0","","","","","","要レビュー"
"毒薬","Active","spell","10","3","土","far","single","ARC","enemy","魔術/錬金/R35/ARC50","","{""side"":""enemy"",""column"":""same"",""order"":""front"",""area"":""single"",""origin"":""target"",""ignoreTaunt"":false}","","","","head","0","","","","","","要レビュー"
"薬草","Active","spell","12","3","光","all","single","MND","ally","森羅/樹花/R35/MND50","","{""side"":""ally"",""column"":""select"",""order"":""ally"",""area"":""single"",""origin"":""target"",""ignoreTaunt"":false}","","","","head","0","","","standard","","","要レビュー"
"治癒","Active","spell","12","3","光","all","single","MND","ally","森羅/生命/R25/MND40","","{""side"":""ally"",""column"":""select"",""order"":""ally"",""area"":""single"",""origin"":""target"",""ignoreTaunt"":false}","","","","head","0","","","standard","","","要レビュー"
"治癒泉","Active","spell","12","3","光","all","single","MND","ally","灼陽/恵沢/R35/MND50","","{""side"":""ally"",""column"":""select"",""order"":""ally"",""area"":""single"",""origin"":""target"",""ignoreTaunt"":false}","","","","head","0","","","standard","","","要レビュー"
"治癒祈祷","Active","spell","12","3","光","all","single","MND","ally","信仰/奇跡/R5/MND20","","{""side"":""ally"",""column"":""select"",""order"":""ally"",""area"":""single"",""origin"":""target"",""ignoreTaunt"":false}","","","","head","0","","","standard","","","要レビュー"
"再生","Active","spell","12","3","無","all","single","MND","ally","森羅/生命/R35/MND50","","{""side"":""ally"",""column"":""select"",""order"":""ally"",""area"":""single"",""origin"":""target"",""ignoreTaunt"":false}","","","","head","0","","","","","","要レビュー"
"活力","Active","spell","12","3","無","all","single","MND","ally","森羅/生命/R45/MND60","","{""side"":""ally"",""column"":""select"",""order"":""ally"",""area"":""single"",""origin"":""target"",""ignoreTaunt"":false}","","","","head","0","","","","","","要レビュー"
"獣化","Active","spell","12","3","無","all","single","ARC","self","森羅/霊獣/R35/ARC50","","{""side"":""self"",""column"":""self"",""order"":""self"",""area"":""single"",""origin"":""target"",""ignoreTaunt"":false}","","","","head","0","attack","0.2","","","","要レビュー"
"肉体強化","Active","spell","12","3","無","all","single","ARC","self","異能/発現/R50/ARC70","","{""side"":""self"",""column"":""self"",""order"":""self"",""area"":""single"",""origin"":""target"",""ignoreTaunt"":false}","","","","head","0","attack","0.2","","","","要レビュー"
"憑依","Active","spell","12","3","無","all","single","MND","self","符術/式神/R35/MND50","","{""side"":""self"",""column"":""self"",""order"":""self"",""area"":""single"",""origin"":""target"",""ignoreTaunt"":false}","","","","head","0","attack","0.2","","","","要レビュー"
"精霊呼び","Active","spell","16","4","無","all","single","ARC","self","森羅/霊獣/R45/ARC60","","{""side"":""self"",""column"":""self"",""order"":""self"",""area"":""single"",""origin"":""target"",""ignoreTaunt"":false}","","","","head","0","","","","","","要レビュー"
"使魔","Active","spell","16","4","無","all","single","ARC","self","魔術/召喚/R35/ARC50","","{""side"":""self"",""column"":""self"",""order"":""self"",""area"":""single"",""origin"":""target"",""ignoreTaunt"":false}","","","","head","0","","","","","","要レビュー"
"守護霊","Active","spell","18","4","無","all","single","ARC","self","森羅/霊獣/R50/ARC70","","{""side"":""self"",""column"":""self"",""order"":""self"",""area"":""single"",""origin"":""target"",""ignoreTaunt"":false}","","","","head","0","","","","","","要レビュー"
"自動機械","Active","spell","18","4","無","all","single","ARC","self","機巧/魔工/R5/ARC20","","{""side"":""self"",""column"":""self"",""order"":""self"",""area"":""single"",""origin"":""target"",""ignoreTaunt"":false}","","","","head","0","","","","","","要レビュー"
"ゴーレム","Active","spell","18","4","無","all","single","ARC","self","機巧/魔工/R15/ARC30","","{""side"":""self"",""column"":""self"",""order"":""self"",""area"":""single"",""origin"":""target"",""ignoreTaunt"":false}","","","","head","0","","","","","","要レビュー"
"火炎","Active","spell","14","3","火","far","single","ARC","enemy","灼陽/灼熱/R5/ARC20","","{""side"":""enemy"",""column"":""same"",""order"":""front"",""area"":""single"",""origin"":""target"",""ignoreTaunt"":false}","","","","head","0","","","","","","要レビュー"
"火球","Active","spell","14","3","火","far","single","ARC","enemy","魔術/元素/R5/ARC20","","{""side"":""enemy"",""column"":""select"",""order"":""front"",""area"":""cross"",""origin"":""target"",""ignoreTaunt"":false}","","","","head","0","","","","","","要レビュー"
"火符","Active","spell","14","3","火","far","single","MND","enemy","符術/五行/R15/MND30","","{""side"":""enemy"",""column"":""same"",""order"":""front"",""area"":""single"",""origin"":""target"",""ignoreTaunt"":false}","","","","head","0","","","","","","要レビュー"
"発火","Active","spell","14","3","火","mid","single","ARC","enemy","異能/発現/R35/ARC50","","{""side"":""enemy"",""column"":""select"",""order"":""front"",""area"":""single"",""origin"":""target"",""ignoreTaunt"":false}","","","","head","0","","","","","","要レビュー"
"爆炎","Active","spell","24","6","火","far","all","ARC","enemy","灼陽/灼熱/R15/ARC30","次ラウンド発動。","{""side"":""enemy"",""column"":""same"",""order"":""front"",""area"":""3x3"",""origin"":""target"",""ignoreTaunt"":false}","","","","head","1","","","","","","要レビュー"
"灼熱障壁","Active","spell","12","3","無","all","single","ARC","ally","灼陽/灼熱/R25/ARC40","","{""side"":""ally"",""column"":""select"",""order"":""ally"",""area"":""single"",""origin"":""target"",""ignoreTaunt"":false}","","","","head","0","","","","","","要レビュー"
"石壁","Active","spell","12","3","無","all","single","ARC","ally","霊峰/岩地/R15/ARC30","","{""side"":""ally"",""column"":""select"",""order"":""ally"",""area"":""single"",""origin"":""target"",""ignoreTaunt"":false}","","","","head","0","","","","","","要レビュー"
"氷壁","Active","spell","12","3","無","all","single","ARC","ally","霊峰/氷嶺/R35/ARC50","","{""side"":""ally"",""column"":""select"",""order"":""ally"",""area"":""single"",""origin"":""target"",""ignoreTaunt"":false}","","","","head","0","","","","","","要レビュー"
"結晶盾","Active","spell","12","3","無","all","single","ARC","ally","霊峰/鉱脈/R35/ARC50","","{""side"":""ally"",""column"":""select"",""order"":""ally"",""area"":""single"",""origin"":""target"",""ignoreTaunt"":false}","","","","head","0","","","","","","要レビュー"
"凪","Active","spell","12","3","無","all","single","ARC","ally","海神/航祈/R25/ARC40","","{""side"":""ally"",""column"":""select"",""order"":""ally"",""area"":""single"",""origin"":""target"",""ignoreTaunt"":false}","","","","head","0","","","","","","要レビュー"
"海護","Active","spell","12","3","無","all","single","ARC","ally","海神/航祈/R35/ARC50","","{""side"":""ally"",""column"":""select"",""order"":""ally"",""area"":""single"",""origin"":""target"",""ignoreTaunt"":false}","","","","head","0","","","","","","要レビュー"
"結界","Active","spell","12","3","無","all","single","ARC","ally","信仰/聖護/R25/ARC40","","{""side"":""ally"",""column"":""select"",""order"":""ally"",""area"":""single"",""origin"":""target"",""ignoreTaunt"":false}","","","","head","0","","","","","","要レビュー"
"加護","Active","spell","12","3","無","all","single","ARC","ally","信仰/聖護/R35/ARC50","","{""side"":""ally"",""column"":""select"",""order"":""ally"",""area"":""single"",""origin"":""target"",""ignoreTaunt"":false}","","","","head","0","","","","","","要レビュー"
"障壁","Active","spell","12","3","無","all","single","ARC","ally","魔術/術式/R15/ARC30","","{""side"":""ally"",""column"":""select"",""order"":""ally"",""area"":""single"",""origin"":""target"",""ignoreTaunt"":false}","","","","head","0","","","","","","要レビュー"
"護符","Active","spell","12","3","無","all","single","MND","ally","符術/符法/R15/MND30","","{""side"":""ally"",""column"":""select"",""order"":""ally"",""area"":""single"",""origin"":""target"",""ignoreTaunt"":false}","","","","head","0","","","","","","要レビュー"
"結界符","Active","spell","12","3","無","all","single","MND","ally","符術/符法/R35/MND50","","{""side"":""ally"",""column"":""select"",""order"":""ally"",""area"":""single"",""origin"":""target"",""ignoreTaunt"":false}","","","","head","0","","","","","","要レビュー"
"聖火","Active","spell","14","3","[""火"",""光""]","far","single","MND","enemy","灼陽/神陽/R15/MND30","","{""side"":""enemy"",""column"":""same"",""order"":""front"",""area"":""single"",""origin"":""target"",""ignoreTaunt"":false}","","","","head","0","","","","","","要レビュー"
"黄金加護","Active","spell","12","3","無","all","single","MND","ally","灼陽/神陽/R25/MND40","","{""side"":""ally"",""column"":""select"",""order"":""ally"",""area"":""single"",""origin"":""target"",""ignoreTaunt"":false}","","","","head","0","","","","","","要レビュー"
"祝福","Active","spell","12","3","無","all","single","MND","ally","信仰/奇跡/R15/MND30","","{""side"":""ally"",""column"":""select"",""order"":""ally"",""area"":""single"",""origin"":""target"",""ignoreTaunt"":false}","","","","head","0","","","","","","要レビュー"
"陽光","Active","spell","12","3","光","far","single","MND","enemy","灼陽/神陽/R35/MND50","","{""side"":""enemy"",""column"":""same"",""order"":""front"",""area"":""single"",""origin"":""target"",""ignoreTaunt"":false}","","","","head","0","","","","","","要レビュー"
"月光","Active","spell","12","3","光","far","single","MND","enemy","星辰/星夜/R15/MND30","","{""side"":""enemy"",""column"":""select"",""order"":""front"",""area"":""single"",""origin"":""target"",""ignoreTaunt"":false}","","","","head","0","","","","","","要レビュー"
"砂嵐","Active","spell","14","4","無","far","row","ARC","enemy","灼陽/砂塵/R25/ARC40","","{""side"":""enemy"",""column"":""same"",""order"":""front"",""area"":""3x3"",""origin"":""target"",""ignoreTaunt"":false}","","","","head","0","","","","","","要レビュー"
"海霧","Active","spell","14","4","無","far","row","ARC","enemy","海神/荒天/R45/ARC60","","{""side"":""enemy"",""column"":""same"",""order"":""front"",""area"":""horizontal"",""origin"":""target"",""ignoreTaunt"":false}","","","","head","0","","","","","","要レビュー"
"蜃気楼","Active","spell","14","4","無","far","row","ARC","enemy","灼陽/砂塵/R35/ARC50","","{""side"":""enemy"",""column"":""same"",""order"":""front"",""area"":""horizontal"",""origin"":""target"",""ignoreTaunt"":false}","","","","head","0","","","","","","要レビュー"
"幻影","Active","spell","14","4","無","far","row","ARC","enemy","星辰/夢幻/R45/ARC60","","{""side"":""enemy"",""column"":""same"",""order"":""front"",""area"":""x"",""origin"":""target"",""ignoreTaunt"":false}","","","","head","0","","","","","","要レビュー"
"乾燥","Active","spell","12","3","火","far","single","ARC","enemy","灼陽/砂塵/R45/ARC60","","{""side"":""enemy"",""column"":""same"",""order"":""front"",""area"":""single"",""origin"":""target"",""ignoreTaunt"":false}","","","","head","0","","-0.2","","","","要レビュー"
"豊穣","Active","spell","22","5","無","all","all","MND","ally","灼陽/恵沢/R45/MND60","","{""side"":""ally"",""column"":""self"",""order"":""self"",""area"":""3x3"",""origin"":""self"",""ignoreTaunt"":false}","","","","head","0","","","small","","","要レビュー"
"蘇生","Active","spell","24","6","無","all","single","MND","ally","灼陽/恵沢/R50/MND70 | 信仰/奇跡/R25/MND40","","{""side"":""ally"",""column"":""select"",""order"":""ally"",""area"":""single"",""origin"":""target"",""ignoreTaunt"":false}","","","","head","0","","","","","","要レビュー"
"岩槍","Active","spell","12","3","土","far","single","ARC","enemy","霊峰/岩地/R5/ARC20","","{""side"":""enemy"",""column"":""select"",""order"":""front"",""area"":""single"",""origin"":""target"",""ignoreTaunt"":false}","","","","head","0","","","","","","要レビュー"
"岩弾","Active","spell","12","3","土","far","single","ARC","enemy","魔術/元素/R25/ARC40","","{""side"":""enemy"",""column"":""select"",""order"":""front"",""area"":""single"",""origin"":""target"",""ignoreTaunt"":false}","","","","head","0","","","","","","要レビュー"
"土符","Active","spell","12","3","土","mid","single","MND","enemy","符術/五行/R25/MND40","","{""side"":""enemy"",""column"":""same"",""order"":""front"",""area"":""single"",""origin"":""target"",""ignoreTaunt"":false}","","","","head","0","","","","","","要レビュー"
"地震","Active","spell","22","5","土","far","all","ARC","enemy","霊峰/岩地/R25/ARC40","","{""side"":""enemy"",""column"":""same"",""order"":""front"",""area"":""3x3"",""origin"":""target"",""ignoreTaunt"":false}","","","","head","0","","","","","","要レビュー"
"氷刃","Active","spell","12","3","水","far","single","ARC","enemy","霊峰/氷嶺/R15/ARC30","","{""side"":""enemy"",""column"":""same"",""order"":""front"",""area"":""single"",""origin"":""target"",""ignoreTaunt"":false}","","","","head","0","","","","","","要レビュー"
"水刃","Active","spell","12","3","水","far","single","ARC","enemy","海神/潮汐/R5/ARC20","","{""side"":""enemy"",""column"":""select"",""order"":""front"",""area"":""single"",""origin"":""target"",""ignoreTaunt"":false}","","","","head","0","","","","","","要レビュー"
"水槍","Active","spell","12","3","水","far","single","ARC","enemy","魔術/元素/R15/ARC30","","{""side"":""enemy"",""column"":""select"",""order"":""front"",""area"":""single"",""origin"":""target"",""ignoreTaunt"":false}","","","","head","0","","","","","","要レビュー"
"水符","Active","spell","12","3","水","far","single","MND","enemy","符術/五行/R45/MND60","","{""side"":""enemy"",""column"":""same"",""order"":""front"",""area"":""single"",""origin"":""target"",""ignoreTaunt"":false}","","","","head","0","","","","","","要レビュー"
"凍結","Active","spell","14","3","水","far","single","ARC","enemy","霊峰/氷嶺/R25/ARC40","","{""side"":""enemy"",""column"":""same"",""order"":""front"",""area"":""single"",""origin"":""target"",""ignoreTaunt"":false}","","","","head","0","","","","","","要レビュー"
"極寒","Active","spell","14","3","水","far","single","ARC","enemy","星辰/星夜/R25/ARC40","","{""side"":""enemy"",""column"":""same"",""order"":""front"",""area"":""single"",""origin"":""target"",""ignoreTaunt"":false}","","","","head","0","","","","","","要レビュー"
"溶岩","Active","spell","16","4","[""火"",""土""]","far","row","ARC","enemy","霊峰/地火/R25/ARC40","","{""side"":""enemy"",""column"":""same"",""order"":""front"",""area"":""horizontal"",""origin"":""target"",""ignoreTaunt"":false}","","","","head","0","","","","","","要レビュー"
"地熱","Active","spell","16","4","[""火"",""土""]","far","row","ARC","enemy","霊峰/地火/R35/ARC50","","{""side"":""enemy"",""column"":""same"",""order"":""front"",""area"":""horizontal"",""origin"":""target"",""ignoreTaunt"":false}","","","","head","0","","","","","","要レビュー"
"噴火","Active","spell","30","7","[""火"",""土""]","far","all","ARC","enemy","霊峰/地火/R45/ARC60","次ラウンド発動。","{""side"":""enemy"",""column"":""same"",""order"":""front"",""area"":""3x3"",""origin"":""target"",""ignoreTaunt"":false}","","","","head","1","","","","","","要レビュー"
"金属化","Active","spell","16","4","無","all","single","ARC","ally","霊峰/鉱脈/R45/ARC60","","{""side"":""ally"",""column"":""select"",""order"":""ally"",""area"":""single"",""origin"":""target"",""ignoreTaunt"":false}","","","","head","0","defense","0.3","","","","要レビュー"
"宝石術","Active","spell","18","4","土","far","single","ARC","enemy","霊峰/鉱脈/R50/ARC70","","{""side"":""enemy"",""column"":""same"",""order"":""front"",""area"":""single"",""origin"":""target"",""ignoreTaunt"":false}","","","","head","0","","","","","","要レビュー"
"渦潮","Active","spell","16","4","水","far","row","ARC","enemy","海神/潮汐/R15/ARC30","","{""side"":""enemy"",""column"":""same"",""order"":""front"",""area"":""horizontal"",""origin"":""target"",""ignoreTaunt"":false}","","","","head","0","","","","","","要レビュー"
"水圧","Active","spell","16","4","水","far","single","ARC","enemy","海神/潮汐/R25/ARC40","","{""side"":""enemy"",""column"":""same"",""order"":""front"",""area"":""single"",""origin"":""target"",""ignoreTaunt"":false}","","","","head","0","","","","","","要レビュー"
"暴風","Active","spell","22","5","風","far","all","ARC","enemy","海神/荒天/R25/ARC40","","{""side"":""enemy"",""column"":""same"",""order"":""front"",""area"":""3x3"",""origin"":""target"",""ignoreTaunt"":false}","","","","head","0","","","","","","要レビュー"
"雷雨","Active","spell","18","4","[""風"",""光""]","far","row","ARC","enemy","海神/荒天/R35/ARC50","","{""side"":""enemy"",""column"":""same"",""order"":""front"",""area"":""x"",""origin"":""target"",""ignoreTaunt"":false}","","","","head","0","","","","","","要レビュー"
"神雷","Active","spell","18","4","[""風"",""光""]","far","row","ARC","enemy","信仰/審判/R45/ARC60","","{""side"":""enemy"",""column"":""select"",""order"":""front"",""area"":""x"",""origin"":""target"",""ignoreTaunt"":false}","","","","head","0","","","","","","要レビュー"
"電撃","Active","spell","18","4","[""風"",""光""]","mid","row","ARC","enemy","異能/発現/R45/ARC60","","{""side"":""enemy"",""column"":""select"",""order"":""front"",""area"":""horizontal"",""origin"":""target"",""ignoreTaunt"":false}","","","","head","0","","","","","","要レビュー"
"深海圧","Active","spell","18","5","[""水"",""闇""]","far","row","ARC","enemy","海神/海淵/R35/ARC50","","{""side"":""enemy"",""column"":""same"",""order"":""front"",""area"":""horizontal"",""origin"":""target"",""ignoreTaunt"":false}","","","","head","0","","-0.2","","","","要レビュー"
"海獣","Active","spell","22","5","無","all","single","ARC","self","海神/海淵/R45/ARC60","","{""side"":""self"",""column"":""self"",""order"":""self"",""area"":""single"",""origin"":""target"",""ignoreTaunt"":false}","","","","head","0","","","","","","要レビュー"
"幽船","Active","spell","18","4","無","all","single","ARC","self","海神/海淵/R50/ARC70","","{""side"":""self"",""column"":""self"",""order"":""self"",""area"":""single"",""origin"":""target"",""ignoreTaunt"":false}","","","","head","0","","","","","","要レビュー"
"死者使役","Active","spell","18","4","無","all","single","ARC","self","呪術/死霊/R35/ARC50","","{""side"":""self"",""column"":""self"",""order"":""self"",""area"":""single"",""origin"":""target"",""ignoreTaunt"":false}","","","","head","0","","","","","","要レビュー"
"霊呼び","Active","spell","18","4","無","all","single","ARC","self","呪術/死霊/R25/ARC40","","{""side"":""self"",""column"":""self"",""order"":""self"",""area"":""single"",""origin"":""target"",""ignoreTaunt"":false}","","","","head","0","","","","","","要レビュー"
"星光","Active","spell","12","3","光","far","single","ARC","enemy","星辰/星夜/R5/ARC20","","{""side"":""enemy"",""column"":""select"",""order"":""front"",""area"":""single"",""origin"":""target"",""ignoreTaunt"":false}","","","","head","0","","","","","","要レビュー"
"聖光","Active","spell","12","3","光","far","single","ARC","enemy","信仰/審判/R35/ARC50","","{""side"":""enemy"",""column"":""select"",""order"":""front"",""area"":""single"",""origin"":""target"",""ignoreTaunt"":false}","","","","head","0","","","","","","要レビュー"
"引力","Active","spell","12","3","無","far","single","ARC","enemy","星辰/重力/R15/ARC30","","{""side"":""enemy"",""column"":""same"",""order"":""front"",""area"":""single"",""origin"":""target"",""ignoreTaunt"":false}","","","","head","0","","","","","","要レビュー"
"斥力","Active","spell","12","3","無","far","single","ARC","enemy","星辰/重力/R25/ARC40","","{""side"":""enemy"",""column"":""same"",""order"":""front"",""area"":""single"",""origin"":""target"",""ignoreTaunt"":false}","","","","head","0","","","","","","要レビュー"
"隕石","Active","spell","30","7","[""土"",""光""]","far","all","ARC","enemy","星辰/重力/R35/ARC50","次ラウンド発動。","{""side"":""enemy"",""column"":""same"",""order"":""front"",""area"":""3x3"",""origin"":""target"",""ignoreTaunt"":false}","","","","head","1","","","","","","要レビュー"
"遅延","Active","spell","12","3","無","far","single","ARC","enemy","星辰/時空/R35/ARC50","","{""side"":""enemy"",""column"":""same"",""order"":""front"",""area"":""single"",""origin"":""target"",""ignoreTaunt"":false}","","","","head","0","","-0.3","","","","要レビュー"
"回帰","Active","spell","26","6","無","all","single","ARC","ally","星辰/時空/R45/ARC60","","{""side"":""ally"",""column"":""select"",""order"":""ally"",""area"":""single"",""origin"":""target"",""ignoreTaunt"":false}","","","","head","0","","","large","","","要レビュー"
"睡眠","Active","spell","10","3","闇","far","single","ARC","enemy","星辰/夢幻/R35/ARC50","","{""side"":""enemy"",""column"":""same"",""order"":""front"",""area"":""single"",""origin"":""target"",""ignoreTaunt"":false}","","","","head","0","","","","","","要レビュー"
"悪夢","Active","spell","14","3","闇","far","single","ARC","enemy","星辰/夢幻/R50/ARC70","","{""side"":""enemy"",""column"":""select"",""order"":""last"",""area"":""single"",""origin"":""target"",""ignoreTaunt"":false}","","{""temptation"":{""uses"":1}}","","head","0","","","","","","要レビュー"
"解毒","Active","spell","8","2","無","all","single","MND","ally","信仰/浄化/R15/MND30","","{""side"":""ally"",""column"":""select"",""order"":""ally"",""area"":""single"",""origin"":""target"",""ignoreTaunt"":false}","","","","head","0","","","","","","要レビュー"
"祓い","Active","spell","8","2","無","all","single","MND","ally","信仰/浄化/R25/MND40 | 符術/巫祭/R45/MND60","","{""side"":""ally"",""column"":""select"",""order"":""ally"",""area"":""single"",""origin"":""target"",""ignoreTaunt"":false}","","","","head","0","","","","","","要レビュー"
"解毒薬","Active","spell","8","2","無","all","single","MND","ally","魔術/錬金/R45/MND60","","{""side"":""ally"",""column"":""select"",""order"":""ally"",""area"":""single"",""origin"":""target"",""ignoreTaunt"":false}","","","","head","0","","","","","","要レビュー"
"聖水","Active","spell","8","2","無","all","single","MND","ally","信仰/浄化/R35/MND50","","{""side"":""ally"",""column"":""select"",""order"":""ally"",""area"":""single"",""origin"":""target"",""ignoreTaunt"":false}","","","","head","0","","","","","","要レビュー"
"裁き","Active","spell","30","7","光","far","all","MND","enemy","信仰/審判/R50/MND70","次ラウンド発動。","{""side"":""enemy"",""column"":""select"",""order"":""last"",""area"":""3x3"",""origin"":""target"",""ignoreTaunt"":true}","","","","head","1","","","","","","要レビュー"
"弱体呪","Active","spell","12","3","闇","far","single","ARC","enemy","呪術/呪詛/R5/ARC20","","{""side"":""enemy"",""column"":""same"",""order"":""front"",""area"":""single"",""origin"":""target"",""ignoreTaunt"":false}","","","","head","0","","-0.2","","","","要レビュー"
"猛毒呪","Active","spell","12","3","闇","far","single","ARC","enemy","呪術/呪詛/R15/ARC30","","{""side"":""enemy"",""column"":""same"",""order"":""front"",""area"":""single"",""origin"":""target"",""ignoreTaunt"":false}","","","","head","0","","","","","","要レビュー"
"盲目呪","Active","spell","10","3","闇","far","single","ARC","enemy","呪術/呪詛/R25/ARC40","","{""side"":""enemy"",""column"":""same"",""order"":""front"",""area"":""single"",""origin"":""target"",""ignoreTaunt"":false}","","","","head","0","","","","","","要レビュー"
"吸血","Active","spell","12","3","闇","far","single","ARC","enemy","呪術/血術/R15/ARC30","","{""side"":""enemy"",""column"":""same"",""order"":""front"",""area"":""single"",""origin"":""target"",""ignoreTaunt"":false}","","","","head","0","","","","","","要レビュー"
"血刃","Active","spell","14","5","闇","near","single","ARC","enemy","呪術/血術/R25/ARC40","","{""side"":""enemy"",""column"":""same"",""order"":""front"",""area"":""single"",""origin"":""target"",""ignoreTaunt"":false}","","","","head","0","","","","","","要レビュー"
"代償","Active","spell","14","5","闇","far","single","ARC","enemy","呪術/血術/R35/ARC50","","{""side"":""enemy"",""column"":""same"",""order"":""front"",""area"":""single"",""origin"":""target"",""ignoreTaunt"":false}","","","","head","0","","","","","","要レビュー"
"魂縛","Active","spell","14","3","闇","far","single","ARC","enemy","呪術/死霊/R45/ARC60","","{""side"":""enemy"",""column"":""same"",""order"":""through"",""area"":""single"",""origin"":""target"",""ignoreTaunt"":false}","","","","head","0","","","","","","要レビュー"
"闇刃","Active","spell","12","3","闇","far","single","ARC","enemy","呪術/暗黒/R35/ARC50","","{""side"":""enemy"",""column"":""select"",""order"":""front"",""area"":""single"",""origin"":""target"",""ignoreTaunt"":false}","","","","head","0","","","","","","要レビュー"
"侵蝕","Active","spell","12","3","闇","far","single","ARC","enemy","呪術/暗黒/R45/ARC60","","{""side"":""enemy"",""column"":""same"",""order"":""front"",""area"":""single"",""origin"":""target"",""ignoreTaunt"":false}","","","","head","0","","","","","","要レビュー"
"虚無","Active","spell","34","8","無","far","all","ARC","enemy","呪術/暗黒/R50/ARC70","次ラウンド発動。","{""side"":""enemy"",""column"":""same"",""order"":""front"",""area"":""3x3"",""origin"":""target"",""ignoreTaunt"":false}","","","","head","1","","","","","","要レビュー"
"転移","Active","spell","12","3","無","all","single","ARC","ally","魔術/術式/R35/ARC50","","{""side"":""ally"",""column"":""select"",""order"":""ally"",""area"":""single"",""origin"":""target"",""ignoreTaunt"":false}","","","","head","0","","","","","","要レビュー"
"瞬間移動","Active","spell","12","3","無","all","single","ARC","ally","異能/転移/R25/ARC40","","{""side"":""ally"",""column"":""select"",""order"":""ally"",""area"":""single"",""origin"":""target"",""ignoreTaunt"":false}","","","","head","0","","","","","","要レビュー"
"位置交換","Active","spell","12","3","無","all","single","ARC","ally","異能/転移/R35/ARC50","","{""side"":""ally"",""column"":""select"",""order"":""ally"",""area"":""single"",""origin"":""target"",""ignoreTaunt"":false}","","","","head","0","","","","","","要レビュー"
"空間操作","Active","spell","22","6","無","all","all","ARC","ally","異能/転移/R45/ARC60","","{""side"":""ally"",""column"":""self"",""order"":""self"",""area"":""3x3"",""origin"":""self"",""ignoreTaunt"":false}","","","","head","0","","","","","","要レビュー"
"付与","Active","spell","12","3","無","all","single","ARC","ally","魔術/術式/R45/ARC60","","{""side"":""ally"",""column"":""select"",""order"":""ally"",""area"":""single"",""origin"":""target"",""ignoreTaunt"":false}","","","","head","0","attack","0.2","","","","要レビュー"
"ルーン","Active","spell","12","3","無","all","single","ARC","ally","機巧/鍛冶/R45/ARC60","","{""side"":""ally"",""column"":""select"",""order"":""ally"",""area"":""single"",""origin"":""target"",""ignoreTaunt"":false}","","","","head","0","attack","0.2","","","","要レビュー"
"魔法薬","Active","spell","16","4","無","all","single","ARC","ally","魔術/錬金/R25/ARC40","1戦1回。","{""side"":""ally"",""column"":""select"",""order"":""ally"",""area"":""single"",""origin"":""target"",""ignoreTaunt"":false}","","","","head","0","","","","","","要レビュー"
"魔法陣","Active","spell","12","3","無","all","single","ARC","self","魔術/召喚/R45/ARC60","","{""side"":""self"",""column"":""self"",""order"":""self"",""area"":""single"",""origin"":""target"",""ignoreTaunt"":false}","","","","head","0","attack","0.2","","","","要レビュー"
"契約","Active","spell","24","5","無","all","single","ARC","self","魔術/召喚/R50/ARC70","","{""side"":""self"",""column"":""self"",""order"":""self"",""area"":""single"",""origin"":""target"",""ignoreTaunt"":false}","","","","head","0","","","","","","要レビュー"
"金符","Active","spell","12","3","[""土"",""光""]","far","single","MND","enemy","符術/五行/R35/MND50","","{""side"":""enemy"",""column"":""same"",""order"":""front"",""area"":""single"",""origin"":""target"",""ignoreTaunt"":false}","","","","head","0","","","","","","要レビュー"
"封印符","Active","spell","12","3","無","far","single","MND","enemy","符術/符法/R25/MND40","","{""side"":""enemy"",""column"":""same"",""order"":""front"",""area"":""single"",""origin"":""target"",""ignoreTaunt"":false}","","","","head","0","","","","","","要レビュー"
"頭封じの符","Active","spell","12","3","無","far","single","MND","enemy","符術/符法/R5/MND20","","{""side"":""enemy"",""column"":""select"",""order"":""through"",""area"":""single"",""origin"":""target"",""ignoreTaunt"":true}","","","","head","0","","","","","","要レビュー"
"式神召喚","Active","spell","16","4","無","all","single","MND","self","符術/式神/R25/MND40","","{""side"":""self"",""column"":""self"",""order"":""self"",""area"":""single"",""origin"":""target"",""ignoreTaunt"":false}","","","","head","0","","","","","","要レビュー"
"使役","Active","spell","16","4","無","all","single","MND","self","符術/式神/R45/MND60","","{""side"":""self"",""column"":""self"",""order"":""self"",""area"":""single"",""origin"":""target"",""ignoreTaunt"":false}","","","","head","0","","","","","","要レビュー"
"神楽","Active","spell","16","3","無","all","row","MND","ally","符術/巫祭/R35/MND50","","{""side"":""ally"",""column"":""self"",""order"":""self"",""area"":""horizontal"",""origin"":""self"",""ignoreTaunt"":false}","","","","legs","0","","","small","","","要レビュー"
"動力炉","Active","spell","10","5","無","all","single","ARC","self","機巧/魔工/R25/ARC40","1戦1回。","{""side"":""self"",""column"":""self"",""order"":""self"",""area"":""single"",""origin"":""target"",""ignoreTaunt"":false}","","","","head","0","","","","{""sp"":18}","","要レビュー"
"銃砲","Active","spell","16","3","突","far","single","ARC","enemy","機巧/兵装/R15/ARC30","","{""side"":""enemy"",""column"":""select"",""order"":""front"",""area"":""single"",""origin"":""target"",""ignoreTaunt"":false}","","","","head","0","","","","","","要レビュー"
"光刃","Active","spell","16","3","[""斬"",""光""]","near","single","ARC","enemy","機巧/兵装/R25/ARC40","","{""side"":""enemy"",""column"":""same"",""order"":""front"",""area"":""single"",""origin"":""target"",""ignoreTaunt"":false}","","","","head","0","","","","","","要レビュー"
"爆薬","Active","spell","18","4","火","far","row","ARC","enemy","機巧/兵装/R35/ARC50","","{""side"":""enemy"",""column"":""select"",""order"":""front"",""area"":""horizontal"",""origin"":""target"",""ignoreTaunt"":false}","","","","head","0","","","","","","要レビュー"
"鍛造","Active","spell","12","3","無","all","single","ARC","ally","機巧/鍛冶/R25/ARC40","","{""side"":""ally"",""column"":""select"",""order"":""ally"",""area"":""single"",""origin"":""target"",""ignoreTaunt"":false}","","","","head","0","attack","0.2","","","","要レビュー"
"精錬","Active","spell","12","3","無","all","single","ARC","ally","機巧/鍛冶/R35/ARC50","","{""side"":""ally"",""column"":""select"",""order"":""ally"",""area"":""single"",""origin"":""target"",""ignoreTaunt"":false}","","","","head","0","attack","0.2","","","","要レビュー"
"修復","Active","spell","12","3","無","all","single","ARC","ally","機巧/遺構/R35/ARC50","","{""side"":""ally"",""column"":""select"",""order"":""ally"",""area"":""single"",""origin"":""target"",""ignoreTaunt"":false}","","","","head","0","","","standard","","","要レビュー"
"古代装置","Active","spell","16","4","無","far","row","ARC","enemy","機巧/遺構/R45/ARC60","","{""side"":""enemy"",""column"":""same"",""order"":""front"",""area"":""horizontal"",""origin"":""target"",""ignoreTaunt"":false}","","","","head","0","","","","","","要レビュー"
"念力","Active","spell","12","3","無","mid","single","ARC","enemy","異能/念動/R5/ARC20","","{""side"":""enemy"",""column"":""same"",""order"":""front"",""area"":""single"",""origin"":""target"",""ignoreTaunt"":false}","","","","head","0","","","","","","要レビュー"
"精神感応","Active","spell","12","3","闇","far","single","ARC","enemy","異能/感応/R25/ARC40","","{""side"":""enemy"",""column"":""select"",""order"":""through"",""area"":""single"",""origin"":""target"",""ignoreTaunt"":false}","","{""lockOn"":{""turns"":2,""teamUnique"":true}}","","head","0","","","","","","要レビュー"
"索敵","Passive","passive","0","2","斬","near","single","PHY","self","異能/感応/R35/ARC50","セット中のみ有効。敵編成・探索地点の情報を追加","","{""scout"":1}","","","","0","","","","","","要レビュー"
"敵察知","Passive","passive","0","2","斬","near","single","PHY","self","探索/索敵/R25/SKL40","セット中のみ有効。敵編成・探索地点の情報を追加","","{""scout"":1}","","","","0","","","","","","要レビュー"
"追跡","Passive","passive","0","2","斬","near","single","PHY","self","探索/索敵/R35/SKL50","セット中のみ有効。敵編成・探索地点の情報を追加","","{""scout"":1}","","","","0","","","","","","要レビュー"
"警戒","Passive","passive","0","2","斬","near","single","PHY","self","探索/索敵/R45/SKL60","セット中のみ有効。敵編成・探索地点の情報を追加","","{""scout"":1}","","","","0","","","","","","要レビュー"
"透視","Passive","passive","0","2","斬","near","single","PHY","self","異能/感応/R15/ARC30","セット中のみ有効。敵編成・探索地点の情報を追加","","{""scout"":1}","","","","0","","","","","","要レビュー"
"解析","Passive","passive","0","2","斬","near","single","PHY","self","魔術/術式/R25/ARC40 | 機巧/遺構/R50/ARC70","セット中のみ有効。遺物・探索の鑑識判定を補助","","{""appraise"":1}","","","","0","","","","","","要レビュー"
"占術","Passive","passive","0","2","斬","near","single","PHY","self","符術/巫祭/R50/ARC70","セット中のみ有効。遺物・探索の鑑識判定を補助","","{""appraise"":1}","","","","0","","","","","","要レビュー"
"鑑定","Passive","passive","0","2","斬","near","single","PHY","self","探索/鑑識/R35/SKL50","セット中のみ有効。遺物・探索の鑑識判定を補助","","{""appraise"":1}","","","","0","","","","","","要レビュー"
"遺物調査","Passive","passive","0","2","斬","near","single","PHY","self","探索/鑑識/R50/SKL70","セット中のみ有効。遺物・探索の鑑識判定を補助","","{""appraise"":1}","","","","0","","","","","","要レビュー"
"解錠","Passive","passive","0","2","斬","near","single","PHY","self","探索/盗技/R5/SKL20","セット中のみ有効。解錠・罠解除判定を補助","","{""unlock"":1}","","","","0","","","","","","要レビュー"
"罠解除","Passive","passive","0","2","斬","near","single","PHY","self","探索/盗技/R15/SKL30","セット中のみ有効。解錠・罠解除判定を補助","","{""unlock"":1}","","","","0","","","","","","要レビュー"
"窃盗","Passive","passive","0","2","斬","near","single","PHY","self","探索/盗技/R25/SKL40","セット中のみ有効。解錠・罠解除判定を補助","","{""unlock"":1}","","","","0","","","","","","要レビュー"
"潜伏","Passive","passive","0","2","斬","near","single","PHY","self","探索/隠密/R15/SKL30","セット中のみ有効。隠密・逃走判定を補助","","{""stealth"":1}","","","","0","","","","","","要レビュー"
"逃走","Passive","passive","0","2","斬","near","single","PHY","self","探索/隠密/R35/SKL50","セット中のみ有効。隠密・逃走判定を補助","","{""stealth"":1}","","","","0","","","","","","要レビュー"
"弱点看破","Passive","passive","0","3","斬","near","single","PHY","self","探索/鑑識/R45/SKL60","セット中のみ有効。弱点命中時SP3（ラウンド1回）","","{""weakRecovery"":1}","","","","0","","","","","","要レビュー"
"鼓舞歌","Active","skill","10","3","無","all","row","MND","ally","士気/歌唱/R5/MND20","","{""side"":""ally"",""column"":""self"",""order"":""self"",""area"":""horizontal"",""origin"":""self"",""ignoreTaunt"":false}","","","","head","0","attack","0.2","","","","要レビュー"
"戦歌","Active","skill","10","3","無","all","row","MND","ally","士気/歌唱/R25/MND40","","{""side"":""ally"",""column"":""self"",""order"":""self"",""area"":""horizontal"",""origin"":""self"",""ignoreTaunt"":false}","","","","head","0","attack","0.2","","","","要レビュー"
"攻勢号令","Active","skill","10","3","無","all","row","MND","ally","士気/号令/R35/MND50","","{""side"":""ally"",""column"":""self"",""order"":""self"",""area"":""horizontal"",""origin"":""self"",""ignoreTaunt"":false}","","","","head","0","attack","0.2","","","","要レビュー"
"回復歌","Active","skill","12","3","無","all","row","MND","ally","士気/歌唱/R15/MND30","","{""side"":""ally"",""column"":""self"",""order"":""self"",""area"":""horizontal"",""origin"":""self"",""ignoreTaunt"":false}","","","","head","0","","","small","","","要レビュー"
"回避舞","Active","skill","10","3","無","all","row","MND","ally","士気/舞踏/R15/MND30","","{""side"":""ally"",""column"":""self"",""order"":""self"",""area"":""horizontal"",""origin"":""self"",""ignoreTaunt"":false}","","","","legs","0","evade","0.2","","","","要レビュー"
"速度舞","Active","skill","10","3","無","all","row","MND","ally","士気/舞踏/R25/MND40","","{""side"":""ally"",""column"":""self"",""order"":""self"",""area"":""horizontal"",""origin"":""self"",""ignoreTaunt"":false}","","","","legs","0","speed","0.2","","","","要レビュー"
"連携舞","Active","skill","12","4","無","all","row","MND","ally","士気/舞踏/R35/MND50","","{""side"":""ally"",""column"":""self"",""order"":""self"",""area"":""horizontal"",""origin"":""self"",""ignoreTaunt"":false}","","","","legs","0","","","","","","要レビュー"
"追撃号令","Active","skill","12","4","無","all","row","MND","ally","士気/号令/R50/MND70","","{""side"":""ally"",""column"":""self"",""order"":""self"",""area"":""horizontal"",""origin"":""self"",""ignoreTaunt"":false}","","","","legs","0","","","","","","要レビュー"
"旋律","Active","skill","8","3","無","all","row","MND","ally","士気/奏楽/R25/MND40","1戦1回。","{""side"":""ally"",""column"":""self"",""order"":""self"",""area"":""horizontal"",""origin"":""self"",""ignoreTaunt"":false}","","","","arms","0","","","","{""sp"":10}","","要レビュー"
"律動","Active","skill","8","3","無","all","row","MND","ally","士気/奏楽/R35/MND50","1戦1回。","{""side"":""ally"",""column"":""self"",""order"":""self"",""area"":""horizontal"",""origin"":""self"",""ignoreTaunt"":false}","","","","arms","0","","","","{""sp"":10}","","要レビュー"
"SP支援","Active","skill","8","3","無","all","row","MND","ally","士気/奏楽/R45/MND60","1戦1回。","{""side"":""ally"",""column"":""self"",""order"":""self"",""area"":""horizontal"",""origin"":""self"",""ignoreTaunt"":false}","","","","arms","0","","","","{""sp"":10}","","要レビュー"
"防勢号令","Active","skill","10","3","無","all","row","MND","ally","士気/号令/R45/MND60","","{""side"":""ally"",""column"":""self"",""order"":""self"",""area"":""horizontal"",""origin"":""self"",""ignoreTaunt"":false}","","","","head","0","defense","0.2","","","","要レビュー"
"大火炎","Active","spell","28","6","火","far","all","ARC","enemy","魔術/元素/R25/ARC40","次ラウンド発動。","{""side"":""enemy"",""column"":""same"",""order"":""front"",""area"":""3x3"",""origin"":""target"",""ignoreTaunt"":false}","","","","head","1","","","","","","要レビュー"
